1372886, -22
1322820, -14
1326436, -15
1315111, -15
1313606, -17
1326129, -15
1324440, -15
1326296, -14
1295092, -17
1323995, -15
1322019, -18
1295574, -16
1325951, -14
1323375, -15
1326981, -15
1332065, -15
1325859, -15
1323228, -15
1329820, -15
1317500, -15
1328963, -15
1324097, -15
1325887, -14
1330868, -15
1307048, -14
1327807, -19
1328186, -15
1329738, -13
1321630, -16
1315508, -17
1326881, -15
1329769, -14
1133407, -15
1327539, -14
1261001, -12
1265741, -15
1311425, -16
1292452, -16
1137193, -14
1294825, -15
1325968, -14
1320257, -15
1325848, -18
1315315, -15
1321177, -14
1326180, -15
1326423, -15
1315453, -13
1322441, -15
1116177, -17
1287873, -18
1322627, -13
1296046, -14
1313364, -15
1323270, -16
1309948, -15
1261958, -13
1329366, -14
1315644, -14
1132496, -18
1322224, -14
1223158, -15
1311085, -15
1326288, -14
1323303, -14
1319626, -15
1329768, -15
1269388, -14
1322548, -15
1207893, -14
1325837, -14
1121929, -15
1309954, -15
1213717, -15
1327477, -13
1330667, -14
1278470, -15
1325898, -16
1316599, -15
1329632, -15
1329679, -15
1332098, -14
1324291, -15
1215388, -14
1329045, -15
1323186, -15
1327563, -15
1320756, -14
1325662, -14
1328206, -14
1333680, -15
1328149, -14
1275627, -18
1326505, -16
1330342, -15
1291276, -15
1324133, -14
1313415, -15
1328268, -15
1318948, -14
1264655, -13
1322131, -16
1334245, -14
1310027, -14
1295172, -14
1329776, -14
1327988, -13
1317870, -16
1334309, -15
1317641, -14
1324821, -15
1325702, -14
1225006, -15
1330607, -14
1324663, -15
1325878, -14
1320275, -14
1135659, -18
1286004, -18
1324343, -15
1327712, -12
1284382, -15
1310694, -14
1329383, -14
1308548, -15
1324472, -17
1327876, -13
1327907, -14
1322605, -12
1323229, -15
1332199, -14
1309020, -15
1102977, -14
1313691, -14
1326909, -15
1319557, -14
1099279, -14
1323942, -20
1334185, -15
1318313, -13
1322752, -14
1331053, -15
1205538, -15
1325876, -14
1238011, -14
1329313, -17
1308567, -15
1313818, -14
1299980, -16
1325634, -14
1296189, -15
1321817, -14
1118360, -15
1241669, -19
1307785, -18
1325916, -15
1278752, -14
1324799, -15
1325952, -14
1308981, -14
1325001, -15
1222858, -15
1311543, -14
1265616, -14
1303534, -15
1313695, -15
1327592, -13
1326301, -15
1330166, -14
1325670, -14
1309085, -15
1221036, -11
1323327, -15
1314437, -16
1316322, -14
1319336, -17
1327038, -16
1321651, -16
1329121, -14
1328926, -15
1138851, -14
1325194, -14
1319900, -14
1318382, -13
1330379, -14
1327622, -15
1287804, -15
1322192, -14
1329812, -15
1327439, -14
1322372, -16
1318447, -15
1320952, -13
1325909, -14
1331455, -17
1320043, -14
1292850, -15
1217162, -14
1272653, -16
1322882, -15
1307828, -14
1323059, -16
1330560, -14
1324504, -15
1325691, -12
1315515, -14
1328398, -13
1107606, -15
1330783, -16
1301084, -16
1266736, -15
1295033, -15
1321027, -14
1320689, -12
1318271, -15
1321365, -15
1324069, -14
1327487, -14
1329265, -14
1232499, -14
1329864, -15
1325171, -15
1235527, -14
1324145, -15
1331990, -15
1323330, -14
1231350, -15
1311396, -15
1282217, -14
1329787, -15
1298572, -16
1326481, -15
1328187, -14
1323129, -15
1324168, -15
1322759, -15
1243858, -14
1099707, -14
1324620, -17
1329787, -15
1323410, -16
1203177, -14
1334269, -14
1329820, -15
1326933, -14
1329818, -14
1102936, -14
1307525, -15
1312510, -14
1316941, -15
1327487, -15
1288985, -15
1331777, -15
1314028, -14
1325636, -15
1323319, -15
1311317, -14
1267898, -16
1217983, -16
1319101, -15
1330524, -15
1123603, -15
1325180, -14
1324789, -15
1243470, -14
1288662, -15
1292743, -15
1318260, -14
1329435, -15
1324888, -13
1328833, -15
1228054, -13
1332402, -15
1236819, -15
1309496, -16
1325490, -15
1238435, -14
1324385, -16
1325421, -14
1093644, -14
1316391, -17
1225260, -14
1323700, -15
1329622, -14
1312177, -15
1256863, -14
1325670, -14
1221578, -14
1320604, -13
1290745, -15
1263253, -14
1324945, -16
1326785, -14
1329792, -16
1325690, -15
1331627, -15
1220851, -15
1321058, -15
1328205, -14
1293523, -14
1320177, -14
1271636, -15
1327647, -14
1331810, -15
1276845, -15
1321340, -14
1278321, -14
1318629, -15
1328345, -15
1323445, -14
1325338, -15
1325515, -14
1120971, -17
1259132, -14
1318851, -15
1321019, -15
1328915, -15
1327963, -14
1218253, -15
1325779, -15
1320574, -15
1292877, -14
1284322, -15
1324727, -16
1321376, -15
1223798, -15
1329787, -15
1329703, -14
1315131, -14
1334337, -15
1326221, -15
1327873, -15
1325032, -14
1326310, -15
1323302, -14
1326556, -15
1332810, -15
1247730, -15
1198636, -15
1312270, -15
1222475, -22
1320349, -14
1329678, -14
1329700, -14
1325815, -15
1325264, -15
1125910, -18
1327662, -14
1318356, -15
1313742, -14
1321708, -14
1329071, -15
1247391, -14
1307111, -14
1326342, -16
1150320, -20
1218350, -15
1325436, -14
1331398, -13
1322613, -15
1327494, -15
1325799, -14
1133987, -16
1319064, -15
1290702, -15
1322451, -15
1318707, -14
1297968, -14
1323144, -13
1324042, -14
1310964, -14
1212209, -16
1317035, -15
1313831, -14
1330969, -14
1100068, -14
1232794, -15
1314912, -16
1322517, -16
1313691, -11
1315253, -15
1321468, -15
1332440, -15
1320303, -14
1308806, -16
1298678, -14
1097295, -14
1311062, -15
1322859, -15
1325942, -14
1327596, -14
1324267, -15
1328225, -15
1297238, -15
1313665, -15
1328162, -14
1153961, -15
1327569, -14
1329161, -15
1326702, -14
1326959, -15
1272746, -14
1331721, -15
1329883, -15
1112349, -15
1255481, -19
1325823, -14
1311508, -26
1209801, -18
1325874, -14
1331970, -15
1325580, -15
1325164, -15
1324359, -15
1325381, -14
1327502, -16
1187835, -15
1269591, -14
1332807, -15
1115300, -14
1326836, -18
1333032, -14
1320377, -15
1325209, -15
1323161, -16
1329181, -15
1329119, -14
1325188, -16
1099413, -17
1316547, -12
1324927, -14
1323917, -16
1329479, -15
1324864, -15
1323754, -15
1326544, -16
1327483, -15
1323545, -14
1257692, -16
1330970, -14
1327123, -15
1204995, -14
1332603, -16
1328830, -13
1302809, -15
1323084, -15
1333090, -15
1205015, -15
1325860, -15
1329789, -14
1285812, -12
1325191, -15
1320455, -15
1265685, -15
1103401, -15
1327967, -14
1319509, -18
1204447, -12
1148048, -18
1300013, -15
1326002, -14
1322381, -15
1322350, -13
1328381, -15
1328168, -14
1289625, -15
1327708, -14
1327310, -15
1322142, -13
1331957, -15
1102157, -15
1136481, -14
1325265, -18
1154028, -15
1321686, -15
1326645, -16
1110478, -18
1276091, -15
1323782, -12
1326442, -14
1314751, -14
1322850, -14
1326577, -15
1306993, -15
1329265, -15
1327776, -15
1327206, -15
1328440, -14
1317179, -14
1301006, -14
1330829, -15
1299826, -14
1271848, -15
1323467, -15
1333423, -13
1327421, -15
1271543, -15
1315854, -14
1326584, -14
1328134, -15
1318826, -15
1224002, -15
1317315, -14
1325190, -14
1110486, -15
1323578, -17
1333531, -16
1319812, -16
1232433, -15
1097753, -14
1319693, -14
1326554, -15
1301393, -15
1313404, -16
1320940, -15
1320675, -14
1320820, -15
1326367, -15
1318870, -15
1306352, -15
1277063, -15
1324681, -14
1332982, -15
1127373, -15
1318461, -15
1329051, -17
1317336, -16
1323855, -14
1303079, -15
1297960, -14
1319267, -15
1306275, -14
1228110, -16
1219976, -19
1328148, -13
1133235, -19
1320118, -12
1321907, -14
1322284, -15
1231175, -14
1107724, -15
1321405, -14
1221610, -14
1326708, -14
1327014, -16
1306539, -15
1327776, -13
1324972, -16
1156726, -14
1321180, -15
1323711, -14
1331248, -15
1315769, -13
1300891, -14
1186175, -15
1326198, -14
1112663, -14
1319903, -12
1324580, -15
1318424, -15
1188530, -14
1332747, -15
1326620, -13
1177175, -19
1332210, -15
1271494, -15
1328708, -14
1329790, -15
1326453, -15
1318773, -16
1327697, -15
1329556, -14
1323742, -15
1285954, -14
1316909, -14
1323386, -14
1287609, -15
1303542, -14
1325236, -14
1097347, -15
1324229, -16
1267675, -14
1236779, -14
1321053, -15
1317792, -15
1215409, -15
1258841, -19
1227805, -14
1314120, -15
1326751, -11
1318406, -15
1328163, -14
1325193, -15
1327969, -15
1325139, -15
1326422, -13
1310274, -15
1268069, -14
1191395, -15
1319544, -13
1327527, -15
1327808, -15
1327397, -15
1329204, -14
1325188, -14
1304788, -15
1178038, -14
1295130, -14
1112639, -15
1309555, -14
1323440, -15
1317481, -15
1101102, -15
1315735, -14
1323912, -14
1324982, -15
1312721, -14
1315437, -15
1323713, -14
1324678, -15
1212509, -14
1324708, -16
1323908, -16
1229513, -14
1323094, -15
1328504, -14
1323777, -14
1249393, -15
1292738, -12
1305695, -14
1330221, -15
1292058, -14
1320636, -15
1331024, -15
1292190, -15
1332014, -15
1328087, -14
1327608, -14
1320236, -15
1320483, -16
1316087, -14
1322088, -14
1329620, -14
1329605, -15
1334255, -14
1314673, -12
1197590, -13
1327155, -15
1328671, -14
1196901, -14
1218246, -14
1325157, -13
1320301, -15
1325004, -15
1296263, -13
1320774, -15
1314616, -15
1101158, -18
1322599, -14
1323288, -15
1331099, -14
1322254, -14
1329741, -14
1327491, -14
1329088, -15
1316526, -15
1329545, -14
1329515, -15
1327282, -15
1328316, -14
1313888, -14
1195860, -14
1320763, -15
1322419, -15
1305646, -15
1320922, -13
1316761, -15
1325019, -15
1329776, -15
1326298, -15
1323235, -16
1330990, -15
1152229, -15
1228127, -14
1305018, -14
1331379, -14
1292459, -14
1330199, -15
1320924, -14
1318985, -14
1221093, -15
1323764, -14
1330250, -15
1316535, -14
1331828, -14
1116091, -14
1327523, -15
1318107, -15
1213417, -14
1320336, -15
1292305, -14
1091810, -17
1284226, -15
1286771, -14
1325378, -15
1248286, -14
1256632, -15
1319029, -14
1329045, -14
1324228, -14
1323155, -15
1328079, -15
1219624, -14
1321315, -15
1097363, -14
1261012, -15
1114646, -14
1327993, -14
1215060, -13
1329341, -15
1165815, -14
1211841, -15
1324412, -14
1330226, -15
1327828, -14
1298283, -15
1269543, -15
1324946, -14
1330880, -15
1251182, -15
1333826, -15
1320974, -14
1310447, -16
1331334, -14
1327148, -15
1283648, -14
1270560, -15
1326427, -14
1332085, -15
1283564, -16
1228440, -15
1324672, -15
1325739, -13
1306553, -15
1241691, -15
1327040, -15
1330993, -15
1304823, -14
1305892, -14
1325394, -15
1326784, -14
1323931, -15
1324384, -15
1326518, -16
1330586, -14
1321588, -15
1298995, -16
1324192, -14
1097334, -14
1331566, -14
1309792, -15
1322903, -15
1308826, -16
1327501, -16
1329843, -14
1301449, -15
1308765, -15
1328659, -16
1284537, -15
1327238, -14
1326710, -15
1294346, -16
1124290, -15
1328427, -14
1271892, -13
1326199, -14
1326029, -15
1327539, -14
1324845, -14
1326092, -15
1167419, -15
1307708, -15
1325160, -16
1268340, -16
1326350, -14
1123682, -15
1328854, -14
1314912, -13
1330023, -14
1309603, -15
1332260, -15
1319125, -14
1212646, -15
1329603, -14
1322140, -15
1309679, -14
1326324, -15
1278375, -15
1219831, -12
1124104, -15
1331763, -14
1260469, -15
1323542, -15
1324298, -20
1245537, -15
1110443, -15
1329801, -18
1327126, -14
1243636, -14
1333316, -15
1175269, -19
1310521, -15
1324913, -14
1330527, -15
1318759, -15
1311535, -14
1326377, -14
1320967, -15
1282076, -14
1324277, -15
1325374, -15
1119813, -17
1326639, -15
1324019, -15
1324707, -16
1257263, -15
1323067, -14
1330872, -17
1319489, -14
1331036, -15
1324556, -15
1312030, -16
1256867, -15
1100632, -15
1326797, -17
1318539, -44
2865573, -47
3240303, -47
3323413, -38
1385780, -19
1325171, -15
1326260, -15
1332097, -20
1327021, -16
1317360, -15
1325987, -15
1325101, -16
1310319, -16
1317403, -13
1328458, -15
1318946, -12
1268365, -15
1330178, -14
1327988, -16
1322133, -15
1323473, -15
1252783, -13
1323417, -14
1324408, -14
1240370, -14
1302727, -15
1226754, -15
1271283, -15
1320694, -15
1241992, -15
1318595, -14
1319045, -13
1321220, -16
1323941, -15
1315971, -15
1331037, -15
1319844, -16
1291185, -15
1325012, -15
1284675, -15
1329728, -16
1326290, -15
1306493, -14
1303161, -14
1322485, -16
1325151, -15
1333440, -16
1329651, -15
1329693, -15
1323445, -16
1331223, -16
1329362, -16
1322389, -16
1323693, -14
1308438, -15
1324385, -15
1231115, -15
1326422, -15
1328147, -15
1323025, -15
1321058, -16
1294418, -15
1327672, -15
1331722, -16
1330170, -15
1288727, -15
1297340, -13
1331755, -15
1318603, -16
1284643, -15
1326390, -15
1322966, -15
1312790, -15
1327111, -14
1324345, -15
1133073, -15
1323940, -14
1320839, -15
1329818, -14
1331655, -14
1324062, -15
1328083, -14
1324252, -16
1233707, -14
1329601, -14
1325617, -15
1327064, -15
1260740, -15
1326819, -16
1317161, -14
1224407, -15
1164936, -12
1209781, -16
1325222, -16
1322436, -14
1300084, -15
1323321, -14
1327193, -15
1306146, -14
1140703, -15
1301943, -15
1302372, -16
1328220, -15
1320887, -15
1312472, -16
1326523, -15
1284880, -15
1324678, -15
1266398, -15
1273344, -14
1324409, -15
1330075, -14
1325785, -16
1205552, -16
1326118, -15
1322331, -13
1153466, -18
1322142, -15
1323715, -13
1322314, -15
1323090, -15
1327513, -15
1308130, -15
1316178, -14
1329146, -16
1331526, -15
1322554, -15
1240948, -14
1279843, -15
1330523, -15
1307760, -15
1323380, -14
1324076, -13
1108635, -16
1274476, -15
1328561, -15
1323824, -15
1289255, -15
1325179, -13
1331185, -15
1290271, -15
1322332, -15
1323150, -15
1321704, -15
1310789, -16
1331678, -15
1325238, -16
1329501, -14
1100163, -16
1310511, -13
1324580, -15
1301716, -15
1326363, -16
1330827, -15
1324278, -15
1295453, -15
1324339, -15
1157983, -14
1323345, -15
1321946, -15
1199982, -18
1330625, -19
1319232, -15
1327314, -15
1324224, -17
1323517, -15
1327515, -13
1331765, -14
1327593, -17
1317940, -16
1294601, -14
1327480, -15
1213398, -16
1321433, -15
1319956, -15
1278502, -16
1327478, -16
1277842, -13
1323150, -15
1326304, -15
1309983, -15
1260188, -15
1320492, -15
1329010, -15
1324192, -16
1326475, -15
1330374, -15
1304829, -16
1299318, -16
1324687, -14
1325967, -15
1317890, -13
1241964, -15
1201025, -15
1325216, -14
1219915, -18
1313423, -14
1322877, -16
1276178, -14
1321573, -16
1236711, -14
1314888, -15
1304816, -14
1219489, -19
1318052, -16
1326457, -14
1210425, -11
1332908, -15
1135285, -19
1303249, -15
1095631, -11
1322501, -16
1318673, -18
1329470, -15
1327185, -14
1305797, -14
1325825, -14
1329437, -15
1302907, -15
1325540, -17
1329276, -16
1322342, -15
1318745, -15
1315689, -13
1315993, -15
1182977, -14
1319632, -15
1333336, -14
1331920, -14
1326207, -15
1320947, -15
1286815, -15
1292837, -15
1324944, -15
1320959, -15
1327491, -15
1280174, -15
1266707, -15
1327491, -14
1329566, -15
1303611, -15
1328848, -15
1324418, -14
1261242, -15
1278093, -16
1320832, -15
1322347, -16
1322004, -15
1330799, -14
1296448, -15
1232312, -15
1331921, -15
1327840, -15
1327460, -15
1324696, -13
1140234, -16
1222966, -18
1318703, -18
1170012, -15
1327300, -15
1329136, -15
1318089, -16
1103055, -15
1323525, -14
1303276, -13
1129247, -15
1324902, -14
1314534, -15
1324933, -14
1329483, -19
1136822, -15
1321869, -13
1327122, -15
1332125, -14
1222915, -15
1202697, -14
1331416, -20
1331943, -14
1251646, -15
1165419, -14
1217222, -15
1324840, -14
1270727, -15
1331300, -14
1324736, -15
1322280, -14
1329623, -15
1325248, -15
1259965, -15
1322945, -15
1331129, -15
1180587, -14
1318753, -15
1325684, -14
1326976, -15
1331007, -14
1324054, -14
1312680, -15
1324570, -15
1325635, -14
1324746, -15
1325187, -15
1329561, -14
1322675, -14
1328107, -15
1279116, -16
1320554, -14
1319262, -15
1323094, -12
1329852, -14
1265259, -14
1123707, -14
1322358, -14
1113549, -14
1324821, -13
1321354, -14
1328816, -15
1209706, -14
1319342, -14
1326270, -14
1121581, -14
1250185, -15
1116169, -15
1329731, -15
1230640, -15
1331179, -15
1324844, -15
1195757, -12
1329568, -14
1325288, -16
1324820, -15
1323953, -17
1331928, -16
1110866, -15
1257370, -14
1323866, -15
1327037, -15
1097282, -15
1320082, -18
1326750, -14
1328346, -15
1328929, -15
1309739, -15
1323435, -15
1315813, -15
1228102, -14
1240226, -14
1328438, -15
1323584, -16
1327802, -15
1237873, -15
1267090, -18
1315257, -15
1305102, -15
1318094, -15
1322427, -15
1318421, -15
1320478, -15
1320705, -15
1152347, -17
1136893, -15
1323288, -15
1308351, -16
1314403, -15
1100739, -18
1322850, -19
1260254, -16
1224885, -19
1327504, -16
1320834, -14
1323048, -15
1324074, -14
1320541, -15
1101350, -14
1323601, -15
1324672, -14
1332472, -19
1323954, -15
1327493, -16
1326833, -15
1316889, -14
1303891, -15
1329513, -12
1324876, -14
1320574, -14
1319683, -15
1332101, -14
1214520, -15
1324098, -14
1301417, -14
1323850, -14
1329515, -16
1315634, -16
1310551, -15
1328925, -15
1132960, -17
1324763, -15
1320614, -14
1326238, -15
1323386, -15
1324127, -15
1322864, -15
1321343, -15
1326371, -15
1316504, -14
1329858, -16
1320330, -15
1318178, -15
1311250, -14
1236103, -16
1312817, -14
1327262, -13
1326954, -14
1296570, -14
1324416, -18
1251749, -15
1321448, -13
1321849, -14
1322908, -12
1328315, -15
1320755, -15
1325940, -15
1330476, -15
1101043, -14
1326279, -15
1323185, -15
1322294, -17
1211547, -16
1290728, -14
1326078, -17
1322855, -15
1311473, -15
1324099, -15
1102925, -15
1297216, -15
1104970, -15
1276995, -14
1208005, -15
1239377, -14
1324897, -14
1323826, -14
1306196, -15
1196457, -14
1161422, -15
1326121, -14
1326401, -14
1329804, -15
1313622, -14
1319281, -15
1305539, -14
1328549, -19
1328284, -15
1327866, -14
1327297, -15
1324866, -16
1326029, -15
1329779, -15
1329753, -15
1327620, -16
1324791, -15
1268691, -15
1321275, -16
1328446, -13
1215389, -15
1329791, -14
1324976, -16
1234371, -14
1274469, -15
1326254, -15
1327701, -15
1307460, -15
1282944, -13
1256234, -14
1309539, -14
1327095, -16
1218437, -18
1326748, -15
1329854, -15
1283343, -15
1329226, -15
1115648, -18
1296056, -13
1306675, -15
1320179, -15
1326990, -14
1318495, -15
1333011, -14
1317718, -14
1328745, -16
1280095, -14
1172742, -19
1225221, -14
1096113, -14
1300664, -14
1322510, -15
1258335, -14
1186786, -15
1312795, -14
1320254, -17
1330498, -15
1312626, -14
1322855, -14
1274179, -15
1332085, -15
1303557, -16
1328558, -15
1320010, -15
1324775, -14
1284805, -15
1307027, -15
1241168, -14
1329272, -16
1229910, -15
1320036, -16
1311285, -15
1332079, -15
1320638, -14
1228540, -15
1325880, -16
1325176, -16
1326165, -14
1323911, -14
1116071, -18
1323925, -14
1327204, -14
1296410, -16
1292858, -14
1326773, -15
1328390, -15
1274104, -16
1329217, -15
1329065, -15
1262151, -14
1327285, -15
1292033, -15
1327321, -14
1104830, -18
1327982, -14
1205567, -15
1321000, -15
1322629, -13
1323468, -15
1325201, -15
1319577, -14
1218794, -15
1313695, -16
1329652, -16
1324887, -15
1330714, -14
1324205, -16
1306651, -14
1280667, -15
1307329, -14
1326500, -15
1186370, -18
1325201, -15
1326180, -14
1323254, -16
1119876, -18
1313431, -14
1196897, -16
1318236, -18
1215384, -14
1324521, -15
1325659, -14
1301962, -15
1323874, -15
1319395, -14
1289327, -14
1297559, -15
1327469, -14
1231969, -15
1328141, -15
1320865, -15
1308387, -15
1326164, -14
1119615, -14
1330236, -14
1321920, -13
1320523, -14
1320371, -15
1331413, -17
1104138, -14
1209214, -15
1328898, -15
1319663, -16
1326472, -15
1324215, -14
1320997, -15
1316438, -15
1320199, -15
1325197, -14
1319038, -16
1316397, -14
1327059, -16
1145426, -14
1330134, -15
1295767, -14
1311055, -15
1325878, -14
1326313, -16
1317402, -15
1326061, -15
1308016, -16
1122459, -18
1323288, -15
1324178, -14
1244773, -15
1329771, -15
1329761, -15
1228011, -15
1331817, -12
1323084, -13
1283477, -14
1315698, -15
1270570, -15
1321854, -15
1215253, -15
1328445, -15
1290903, -15
1328481, -15
1137122, -18
1249084, -14
1323459, -15
1286577, -16
1320516, -13
1328492, -16
1245549, -14
1327326, -11
1294392, -15
1327979, -16
1098844, -14
1329702, -15
1172316, -15
1318861, -15
1304787, -14
1316471, -15
1285587, -14
1298524, -14
1323221, -14
1325089, -15
1320602, -16
1204526, -15
1281575, -14
1097451, -15
1327876, -15
1325051, -16
1326978, -15
1324113, -14
1315864, -15
1326604, -14
1325365, -13
1121287, -18
1120572, -15
1321848, -14
1330018, -12
1320968, -14
1323638, -14
1324401, -15
1323193, -13
1317205, -14
1321175, -14
1116114, -13
1233933, -14
1330927, -15
1325047, -14
1323992, -12
1203709, -15
1333543, -13
1313622, -14
1328388, -15
1326878, -15
1326300, -18
1325679, -16
1329257, -15
1239390, -13
1333732, -15
1320286, -14
1217821, -15
1321729, -14
1209006, -14
1328851, -14
1326375, -15
1321626, -15
1268749, -14
1285152, -15
1327814, -15
1257339, -16
1322580, -16
1321675, -14
1310854, -15
1264120, -15
1321865, -14
1311430, -14
1202315, -18
1331004, -18
1326763, -15
1166029, -17
1322896, -15
1323093, -14
1332578, -15
1233026, -15
1320329, -15
1326813, -15
1287027, -15
1318844, -14
1325590, -14
1272481, -14
1241203, -14
1322038, -15
1283300, -16
1321454, -15
1321647, -15
1326669, -14
1312417, -16
1326599, -15
1325942, -14
1327378, -14
1326922, -15
1313444, -14
1113451, -19
1099583, -14
1285818, -15
1314271, -15
1326139, -13
1330554, -15
1293248, -15
1184249, -15
1272850, -14
1315250, -14
1281602, -17
1297137, -14
1329975, -15
1321366, -15
1290134, -14
1324058, -15
1317815, -16
1313055, -15
1295459, -14
1206245, -14
1318404, -15
1291595, -15
1326588, -15
1281086, -14
1315901, -14
1327583, -15
1140530, -19
1304010, -15
1099272, -15
1311198, -14
1268215, -14
1328254, -15
1330392, -14
1328148, -14
1265439, -14
1320162, -14
1275345, -14
1334412, -18
1104933, -16
1299039, -14
1328844, -14
1333390, -14
1329545, -16
1146318, -15
1322455, -14
1313335, -15
1323417, -16
1099083, -15
1327136, -14
1328975, -15
1333347, -18
1316307, -15
1320596, -15
1325623, -19
1326956, -16
1330888, -15
1324370, -15
1325547, -16
1326811, -15
1313151, -14
1327623, -15
1324286, -14
1254042, -15
1328727, -15
1106257, -18
1220890, -15
1289004, -16
1316495, -15
1285645, -14
1320755, -15
1326619, -15
1318581, -13
1321706, -14
1324440, -15
1252952, -16
1262290, -13
1301053, -19
1331742, -15
1330279, -15
1327481, -15
1297515, -15
1329379, -14
1320139, -15
1316379, -15
1326432, -15
1325668, -15
1327490, -14
1318577, -14
1316256, -15
1324854, -15
1328004, -14
1320579, -15
1300515, -14
1321526, -15
1321514, -15
1326609, -14
1219539, -15
1303580, -15
1323595, -15
1314663, -15
1112300, -15
1314284, -13
1321601, -17
1305382, -15
1292226, -15
1317649, -14
1329797, -16
1331205, -15
1330939, -14
1327256, -12
1327983, -16
1328580, -15
1323719, -15
1329344, -15
1287719, -14
1326754, -16
1326020, -16
1320550, -11
1323016, -13
1330834, -16
1326155, -14
1312011, -14
1097449, -13
1323404, -13
1329608, -15
1320404, -14
1303473, -15
1321251, -15
1321954, -14
1331720, -14
1200390, -15
1297533, -14
1274927, -15
1327269, -15
1317525, -15
1319508, -15
1293761, -15
1331889, -16
1213692, -14
1308636, -15
1101883, -18
1326757, -14
1294929, -15
1329660, -15
1163911, -18
1329989, -15
1319273, -15
1328409, -14
1322902, -14
1318011, -14
1310782, -15
1278716, -16
1292439, -15
1327630, -16
1320324, -14
1268056, -15
1322495, -14
1251585, -15
1325959, -14
1322729, -16
1283057, -15
1301238, -16
1324725, -15
1220400, -15
1326147, -15
1084355, -15
1321779, -15
1309016, -14
1331362, -14
1326004, -15
1329670, -15
1329779, -15
1307335, -15
1327425, -13
1327469, -18
1324415, -15
1224646, -15
1231147, -18
1249863, -15
1307163, -15
1329786, -16
1318296, -15
1329510, -14
1098535, -14
1331598, -18
1325896, -18
1240807, -14
1126007, -14
1324838, -14
1326818, -15
1323500, -14
1331288, -15
1195473, -19
1296142, -15
1327517, -15
1311699, -14
1302842, -15
1326095, -14
1325177, -15
1326511, -14
1323479, -14
1324437, -17
1275494, -13
1322382, -15
1237736, -16
1163851, -19
1321200, -15
1325065, -14
1318293, -15
1330072, -15
1320384, -14
1325163, -15
1321845, -14
1329328, -16
1209352, -16
1123969, -15
1324671, -18
1324682, -14
1166590, -18
1138919, -14
1325481, -15
1326885, -15
1248322, -15
1328254, -14
1318862, -15
1325633, -15
1291241, -15
1328301, -16
1274390, -15
1319880, -14
1322504, -15
1312397, -14
1316337, -15
1328224, -15
1273701, -15
1321427, -15
1323418, -15
1264655, -14
1311626, -16
1331164, -15
1322326, -14
1327565, -17
1119317, -14
1329378, -18
1166220, -14
1196401, -13
1244709, -18
1323907, -15
1328650, -14
1322980, -15
1322952, -14
1109403, -19
1224632, -14
1195639, -15
1303703, -15
1325933, -15
1328478, -15
1324689, -14
1296504, -15
1226267, -15
1108660, -13
1331757, -15
1324303, -15
1329747, -14
1329773, -14
1327652, -19
1324910, -16
1330654, -16
1328671, -14
1326211, -16
1218499, -14
1329793, -14
1322900, -14
1255044, -14
1277243, -15
1246201, -19
1328900, -15
1163908, -13
1244363, -15
1318124, -15
1327257, -18
1326942, -15
1269443, -15
1322509, -14
1302965, -15
1305899, -15
1329515, -14
1104813, -15
1325291, -15
1325758, -15
1323523, -14
1243446, -16
1325284, -15
1247231, -14
1330214, -15
1326895, -14
1326791, -14
1320964, -14
1324735, -14
1142407, -14
1326549, -15
1328075, -16
1325437, -15
1302623, -15
1326935, -15
1318436, -15
1236824, -14
1110615, -15
1098286, -15
1326389, -15
1329554, -15
1243467, -14
1313576, -15
1320791, -15
1101611, -18
1315138, -14
1318283, -15
1331796, -15
1323072, -14
1292083, -15
1290855, -14
1127360, -17
1110596, -14
1319987, -15
1313432, -14
1289478, -15
1146517, -14
1332823, -11
1326645, -15
1278858, -15
1281331, -15
1331315, -15
1327166, -14
1322023, -15
1321367, -15
1302967, -14
1317872, -15
1328979, -15
1124110, -15
1330786, -14
1332466, -15
1331415, -14
1148623, -14
1323752, -15
1332096, -14
1279004, -15
1329695, -14
1326155, -14
1285052, -14
1318983, -16
1325594, -14
1322404, -15
1329759, -13
1316016, -15
1254180, -15
1323691, -13
1327489, -15
1265700, -14
1325866, -15
1327470, -14
1233044, -15
1320758, -16
1318540, -15
1302289, -15
1328185, -14
1330298, -15
1263789, -14
1324472, -15
1327495, -14
1132015, -15
1323459, -14
1326606, -14
1277307, -16
1314847, -14
1236988, -19
1324267, -15
1288002, -15
1324765, -14
1128753, -19
1328882, -14
1313175, -14
1304756, -15
1199783, -15
1324496, -15
1269231, -14
1325156, -15
1322342, -16
1329909, -14
1328086, -15
1320336, -14
1303434, -15
1127193, -12
1319634, -14
1333475, -13
1322424, -19
1323321, -15
1322632, -15
1288822, -15
1320000, -14
1301244, -14
1210418, -14
1304212, -15
1328368, -14
1285148, -14
1329224, -15
1286769, -15
1118563, -17
1313109, -16
1329112, -14
1097355, -14
1324607, -15
1266278, -14
1329923, -14
1292716, -16
1253494, -15
1324320, -16
1314841, -14
1294402, -14
1325271, -14
1331380, -14
1329479, -14
1320248, -19
1334250, -14
1328416, -15
1268380, -12
1150331, -18
1284004, -15
1327911, -18
1316735, -15
1252068, -14
1247829, -13
1327661, -15
1112614, -14
1318331, -15
1320757, -18
1320987, -14
1321208, -15
1284603, -16
1302459, -13
1321068, -15
1329519, -14
1321555, -14
1331706, -15
1316892, -16
1324709, -15
1097419, -14
1329791, -14
1326383, -14
1325498, -14
1329635, -14
1326323, -15
1326069, -14
1329783, -14
1095478, -15
1328847, -18
1326432, -15
1307322, -15
1332043, -15
1328662, -15
1328536, -14
1330504, -14
1328552, -15
1291400, -14
1097375, -15
1297879, -15
1330021, -15
1096160, -16
1238115, -13
1327369, -14
1216666, -15
1326220, -15
1327126, -14
1325194, -14
1325356, -14
1224954, -15
1331320, -15
1266182, -15
1236127, -14
1329373, -15
1266017, -16
1332120, -14
1099185, -15
1300675, -14
1329460, -14
1327144, -14
1273590, -15
1327641, -15
1331692, -14
1217424, -14
1329338, -14
1330410, -15
1229748, -14
1266393, -14
1293201, -14
1189226, -15
1326676, -12
1254559, -14
1267850, -15
1313884, -15
1328835, -14
1228343, -16
1319059, -15
1325933, -14
1116053, -18
1324338, -15
1313980, -15
1326367, -16
1320989, -12
1318594, -13
1133881, -13
1331995, -18
1318707, -13
1279452, -15
1323083, -16
1326274, -14
1321018, -15
1325787, -14
1283522, -15
1318902, -15
1328217, -14
1324400, -15
1289772, -16
1319822, -15
1324673, -14
1316511, -14
1329476, -14
1127843, -13
1321522, -15
1234662, -19
1330737, -15
1207729, -15
1198004, -16
1330769, -14
1328763, -15
1324002, -14
1099179, -14
1294675, -15
1330673, -13
1314991, -15
1215225, -15
1288245, -14
1330992, -18
1327639, -18
1323341, -15
1312118, -15
1307575, -15
1329787, -14
1322139, -15
1318188, -15
1315398, -15
1329815, -15
1323603, -14
1319995, -14
1267044, -15
1329229, -13
1321697, -14
1329100, -14
1148690, -16
1310816, -18
1240009, -15
1295129, -16
1331076, -14
1322162, -15
1189568, -15
1317852, -15
1331369, -15
1327539, -15
1329389, -15
1330633, -15
1327263, -16
1329037, -15
1328961, -14
1240670, -14
1179573, -18
1294754, -18
1233984, -15
1322730, -15
1301924, -16
1327510, -15
1326760, -15
1209371, -15
1326205, -15
1328377, -14
1320561, -14
1321056, -15
1314983, -15
1331180, -15
1321508, -14
1101050, -14
1265066, -15
1238732, -18
1312652, -14
1185596, -18
1323977, -15
1235201, -15
1186360, -14
1330775, -15
1324041, -14
1311085, -14
1326509, -14
1260535, -15
1328367, -15
1327495, -15
1309017, -15
1322791, -14
1099814, -15
1321259, -14
1328697, -15
1264134, -14
1112300, -15
1325320, -15
1305342, -15
1110946, -15
1310707, -15
1329986, -14
1323122, -14
1242042, -14
1322218, -15
1311381, -14
1099691, -15
1325736, -14
1320420, -15
1279262, -13
1282192, -15
1327387, -14
1325646, -15
1317247, -15
1325824, -14
1330511, -16
1318307, -16
1327239, -19
1329018, -15
1271274, -15
1264745, -16
1133253, -15
1322265, -19
1329639, -14
1286447, -14
1317475, -15
1123616, -14
1240292, -15
1327497, -15
1320965, -15
1325940, -16
1320378, -15
1317463, -15
1314164, -19
1226648, -16
1327744, -15
1326975, -17
1324091, -15
1333590, -15
1217401, -15
1327857, -16
1322873, -15
1229301, -15
1318947, -15
1321177, -16
1329446, -15
1326775, -15
1328909, -16
1327482, -15
1124808, -15
1230396, -15
1329812, -15
1330054, -15
1330640, -18
1244064, -16
1329601, -15
1325041, -15
1319598, -15
1326376, -15
1325725, -14
1327018, -15
1324799, -15
1328284, -15
1232989, -14
1317193, -14
1225389, -15
1323279, -15
1325743, -15
1329787, -16
1323261, -14
1328664, -15
1326135, -15
1320861, -15
1331178, -15
1331612, -16
1309081, -15
1329630, -15
1326491, -15
1304930, -17
1321530, -14
1323534, -16
1327696, -15
1327141, -15
1324354, -15
1320713, -16
1328050, -14
1191575, -15
1323560, -14
1102187, -14
1323827, -15
1326673, -16
1125136, -18
1129756, -14
1314853, -15
1322617, -15
1321216, -14
1221128, -16
1326368, -14
1250313, -15
1325683, -14
1322561, -15
1212212, -15
1328448, -15
1325911, -15
1315869, -15
1117100, -15
1298022, -15
1328614, -18
1328728, -13
1101133, -15
1322848, -18
1311104, -14
1318572, -16
1325392, -15
1315924, -15
1123906, -18
1325189, -14
1308036, -16
1302959, -13
1327521, -13
1174439, -18
1326070, -19
1326135, -15
1285336, -15
1309299, -15
1318274, -16
1332046, -15
1328107, -15
1325505, -15
1303756, -14
1323056, -14
1318853, -15
1135250, -15
1329628, -11
1288336, -15
1327485, -14
1306495, -16
1163303, -18
1315527, -14
1319173, -15
1231224, -13
1235128, -15
1329720, -14
1327431, -14
1297800, -16
1278545, -14
1325082, -15
1314288, -15
1331064, -16
1233467, -14
1320676, -13
1325705, -15
1324246, -15
1324119, -14
1333808, -15
1323327, -15
1311526, -14
1097429, -15
1329608, -18
1327306, -15
1327264, -15
1320293, -13
1327083, -14
1327796, -15
1310284, -17
1294684, -15
1325114, -13
1328855, -14
1326231, -16
1168652, -18
1325546, -15
1331243, -14
1329386, -14
1305123, -14
1331181, -15
1327004, -14
1229645, -14
1320748, -15
1322659, -15
1153877, -18
1331244, -15
1325329, -15
1328990, -15
1328828, -15
1311136, -15
1299796, -15
1331387, -15
1329796, -15
1284099, -16
1328415, -14
1318820, -15
1332486, -15
1297769, -16
1309641, -15
1323616, -13
1326896, -15
1288087, -16
1322882, -15
1290583, -15
1242016, -15
1325150, -15
1327580, -15
1322330, -14
1332343, -15
1142293, -15
1322664, -15
1097016, -16
1322724, -15
1321288, -15
1261697, -15
1326663, -15
1315368, -15
1157379, -16
1327567, -15
1314765, -15
1327587, -16
1310915, -14
1171814, -15
1324056, -15
1293835, -17
1320956, -13
1305293, -14
1314415, -15
1311463, -16
1311183, -15
1325988, -15
1235770, -14
1317518, -14
1333168, -15
1220614, -14
1327227, -14
1326656, -14
1229595, -15
1320579, -15
1329253, -14
1250481, -15
1327080, -15
1318275, -15
1193472, -14
1108996, -15
1265535, -15
1318851, -13
1323105, -15
1326575, -14
1330470, -15
1263279, -15
1252294, -15
1163133, -15
1323445, -14
1285599, -15
1303830, -15
1313343, -13
1307826, -15
1308689, -15
1329808, -15
1214586, -15
1322476, -16
1323190, -14
1330745, -13
1278263, -15
1325191, -16
1327420, -14
1308117, -15
1328890, -15
1324227, -15
1258849, -15
1332958, -15
1102856, -15
1200974, -15
1294045, -15
1332121, -14
1323211, -15
1099184, -16
1330914, -14
1109247, -15
1266861, -15
1103082, -18
1102961, -16
1326011, -15
1129661, -14
1288828, -16
1135799, -14
1157790, -13
1128793, -15
1324939, -15
1321340, -16
1325739, -14
1329462, -14
1174623, -16
1282114, -14
1253129, -13
1096117, -13
1324386, -17
1298305, -15
1316322, -14
1095434, -15
1325782, -15
1323127, -14
1324034, -15
1329794, -14
1302056, -14
1328141, -14
1323793, -14
1119154, -18
1321942, -15
1260222, -14
1305981, -15
1204390, -18
1329642, -14
1294270, -14
1296418, -15
1114648, -14
1313770, -15
1329813, -14
1321718, -15
1106955, -15
1252645, -16
1311440, -15
1312359, -14
1217668, -15
1307545, -15
1239455, -15
1325997, -13
1327357, -13
1308463, -15
1326600, -15
1328373, -15
1326219, -15
1285533, -16
1142507, -15
1329337, -15
1314682, -15
1323516, -15
1331950, -15
1325633, -15
1309010, -15
1324614, -16
1333703, -15
1288872, -15
1322899, -16
1321347, -16
1156007, -15
1153883, -15
1328932, -11
1324242, -15
1321693, -15
1329050, -15
1320608, -14
1248437, -15
1305968, -15
1328077, -15
1330041, -15
1307296, -15
1270853, -15
1319237, -14
1330087, -15
1323855, -14
1324739, -15
1285297, -15
1311568, -15
1327464, -13
1187494, -18
1316148, -15
1331155, -15
1327042, -15
1299909, -15
1314216, -15
1156761, -15
1315781, -15
1137461, -13
1319345, -14
1304829, -15
1328754, -17
1329539, -15
1314096, -14
1312565, -16
1331270, -15
1320902, -15
1323449, -15
1279880, -15
1326770, -15
1326957, -15
1261716, -14
1329235, -15
1302797, -14
1327553, -15
1326076, -15
1324628, -15
1182482, -19
1222537, -15
1324800, -15
1328423, -15
1329819, -15
1323614, -14
1135377, -18
1321063, -15
1328385, -14
1328781, -15
1328678, -15
1323766, -15
1241762, -15
1328541, -16
1118577, -19
1304617, -14
1327016, -16
1326396, -12
1323279, -14
1328864, -15
1320207, -15
1321844, -14
1273980, -15
1118552, -18
1310029, -14
1305865, -15
1324847, -15
1326639, -15
1270893, -14
1292869, -15
1325252, -15
1324673, -15
1321199, -14
1305884, -15
1329954, -15
1288581, -16
1226594, -13
1099178, -13
1322224, -14
1322784, -14
1321601, -15
1122445, -15
1329947, -15
1254810, -15
1331734, -14
1321240, -15
1328125, -15
1332087, -13
1224548, -16
1292674, -15
1323356, -15
1316131, -15
1328061, -15
1329791, -15
1224893, -16
1328948, -14
1227324, -14
1324782, -15
1321321, -13
1326159, -15
1323333, -14
1115302, -15
1322388, -14
1263083, -13
1096049, -13
1320403, -15
1327489, -15
1321312, -15
1311718, -16
1256708, -15
1329493, -15
1290154, -15
1241805, -15
1275534, -16
1327531, -14
1136467, -15
1294724, -15
1222477, -15
1144401, -15
1312097, -15
1265129, -15
1196302, -15
1332064, -15
1321171, -15
1299231, -15
1328850, -15
1322204, -12
1327421, -14
1333907, -14
1328104, -15
1270576, -15
1328539, -15
1321416, -14
1241914, -14
1325569, -14
1331558, -14
1279016, -16
1327433, -14
1301458, -15
1327246, -14
1324472, -15
1189525, -15
1302877, -14
1216594, -14
1330362, -16
1241371, -16
1129121, -17
1330728, -15
1252439, -14
1314629, -16
1325999, -15
1217731, -14
1320082, -15
1320367, -14
1319139, -15
1316694, -14
1323030, -13
1274951, -15
1304750, -15
1331431, -15
1276914, -15
1165123, -19
1327577, -14
1267676, -15
1317799, -14
1176969, -19
1276211, -15
1311666, -15
1095592, -14
1324875, -18
1099064, -14
1330555, -14
1237329, -15
1328001, -15
1327750, -15
1243007, -15
1263776, -15
1313420, -16
1287286, -14
1325386, -14
1322048, -14
1305615, -15
1328046, -16
1307774, -15
1327047, -15
1331951, -15
1304888, -15
1281057, -14
1331754, -15
1147528, -15
1322530, -18
1317468, -19
1326256, -14
1316315, -15
1322237, -15
1316642, -15
1322809, -14
1332093, -14
1220845, -14
1327494, -15
1328602, -15
1319177, -15
1321529, -16
1243443, -14
1285776, -14
1230833, -11
1331452, -15
1303006, -15
1326377, -15
1278821, -15
1147445, -18
1322924, -14
1321702, -18
1221177, -15
1311347, -14
1329859, -15
1320614, -15
1326269, -16
1195740, -16
1232360, -19
1283091, -14
1319240, -14
1228389, -16
1318770, -15
1318589, -14
1313671, -15
1282563, -15
1327933, -15
1223839, -15
1179982, -18
1310261, -15
1287916, -15
1301355, -15
1248382, -16
1320507, -16
1315817, -15
1321742, -15
1297215, -14
1244870, -15
1327393, -15
1279530, -16
1329240, -15
1329112, -14
1325203, -15
1321705, -15
1324626, -15
1197779, -18
1324810, -19
1320539, -14
1307122, -14
1253169, -15
1325851, -14
1165646, -18
1328583, -14
1300182, -16
1203174, -14
1320096, -15
1324822, -15
1319161, -16
1305940, -16
1217068, -14
1288851, -15
1215434, -12
1112245, -14
1282731, -14
1326425, -15
1228580, -16
1333275, -15
1208144, -15
1309042, -15
1311394, -16
1325619, -15
1321640, -15
1218745, -15
1323077, -15
1325788, -15
1311233, -14
1325282, -15
1319606, -13
1304408, -15
1318596, -15
1325188, -16
1192064, -15
1280890, -14
1317886, -15
1326990, -14
1324083, -17
1322836, -14
1195886, -15
1322987, -15
1100534, -15
1324897, -14
1319050, -14
1103037, -13
1328962, -16
1324218, -14
1324290, -16
1324050, -14
1327443, -15
1324733, -15
1129181, -13
1325723, -15
1324833, -16
1183956, -15
1228549, -14
1326828, -14
1266364, -15
1323865, -15
1313559, -14
1324857, -15
1322894, -15
1149838, -18
1316228, -14
1320966, -14
1304321, -14
1260686, -15
1323807, -15
1321126, -14
1296231, -17
1322890, -15
1326029, -16
1285751, -15
1133384, -14
1236081, -15
1294880, -14
1325114, -15
1326349, -15
1261035, -15
1256912, -15
1313966, -14
1325106, -15
1197631, -12
1102870, -14
1260561, -18
1328911, -14
1328848, -15
1331446, -15
1311371, -15
1097513, -20
1214280, -14
1319231, -15
1326018, -14
1237890, -16
1331626, -15
1322900, -14
1205964, -19
1322808, -15
1317952, -15
1226375, -14
1320120, -15
1329483, -14
1329468, -14
1137413, -18
1318051, -15
1306556, -15
1321437, -14
1330201, -12
1325527, -15
1327181, -14
1326371, -15
1219915, -15
1321926, -16
1228994, -15
1319832, -14
1323762, -14
1317258, -15
1156364, -17
1309092, -16
1318175, -14
1154261, -14
1325914, -19
1327323, -15
1313969, -16
1105542, -15
1326275, -14
1321565, -14
1315179, -15
1327689, -15
1325142, -15
1324905, -13
1281864, -15
1259667, -15
1330635, -14
1326230, -16
1327627, -14
1097314, -15
1331284, -14
1322487, -15
1328384, -18
1318892, -15
1217193, -14
1322882, -14
1328218, -15
1138971, -16
1311084, -14
1325779, -15
1315103, -16
1219665, -19
1324439, -14
1176417, -19
1328537, -15
1331524, -13
1179888, -18
1329506, -15
1325869, -16
1309032, -12
1123902, -15
1319097, -13
1227159, -15
1325179, -14
1324671, -14
1325984, -19
1327352, -14
1315218, -13
1323584, -15
1331387, -12
1262985, -15
1325812, -15
1327124, -14
1322087, -14
1129594, -19
1328237, -14
1320940, -16
1321383, -13
1331195, -15
1322719, -15
1309549, -14
1298180, -15
1284668, -15
1325215, -15
1328923, -15
1326484, -16
1323540, -15
1327477, -15
1327440, -15
1323561, -17
1322905, -16
1306652, -15
1203051, -14
1322917, -16
1282361, -15
1295700, -15
1227020, -15
1329731, -15
1172835, -18
1249832, -14
1312264, -14
1324315, -15
1317236, -14
1275116, -15
1327167, -15
1326682, -15
1330692, -15
1319272, -15
1213125, -14
1206227, -20
1211431, -14
1275457, -15
1332104, -15
1305715, -16
1271723, -14
1328184, -14
1244400, -14
1319748, -15
1281008, -13
1325539, -14
1331308, -14
1324830, -15
1322950, -15
1156149, -18
1326412, -14
1318379, -16
1320488, -15
1253572, -14
1291551, -15
1324414, -15
1314060, -14
1319563, -15
1319552, -15
1296867, -14
1306720, -15
1325832, -15
1266226, -15
1328191, -15
1329480, -15
1295637, -15
1099222, -15
1323903, -20
1207254, -15
1273539, -14
1320815, -15
1281720, -15
1116193, -14
1105568, -15
1125787, -15
1330409, -13
1214341, -15
1318461, -15
1106012, -15
1280468, -16
1326869, -14
1327480, -19
1323443, -15
1326675, -14
1300565, -15
1322044, -14
1177446, -18
1329306, -14
1322989, -16
1326025, -15
1325339, -14
1231917, -15
1226017, -19
1104850, -14
1297588, -15
1320123, -15
1291061, -14
1330445, -14
1296028, -14
1320692, -15
1298682, -14
1328266, -14
1325788, -15
1318035, -13
1149388, -18
1321677, -15
1329513, -12
1244083, -16
1113597, -14
1324541, -15
1212852, -12
1327081, -14
1328904, -15
1328643, -15
1293216, -15
1329324, -14
1322466, -15
1224919, -14
1329403, -15
1106824, -15
1321836, -15
1320039, -15
1140660, -14
1315961, -15
1325273, -15
1326320, -16
1110581, -14
1318932, -15
1328790, -15
1328590, -14
1316888, -14
1318509, -15
1318467, -14
1224680, -15
1298038, -14
1319002, -14
1330317, -14
1274377, -14
1329306, -15
1322261, -14
1179625, -15
1226308, -18
1120270, -14
1318927, -15
1322799, -15
1321831, -14
1303818, -15
1324678, -17
1297524, -15
1321745, -15
1327477, -15
1331099, -16
1276009, -15
1326043, -14
1329507, -14
1332092, -15
1324578, -15
1320555, -15
1131814, -15
1325903, -16
1325683, -14
1126348, -15
1103990, -15
1329659, -15
1252188, -15
1328611, -16
1323874, -15
1329462, -15
1324795, -14
1322815, -14
1227515, -14
1324015, -14
1284602, -15
1178354, -14
1319622, -14
1102999, -14
1242499, -15
1326290, -14
1327954, -14
1260692, -16
1327699, -12
1329986, -15
1251582, -15
1320222, -15
1327988, -14
1247696, -15
1324916, -15
1312633, -15
1302406, -15
1325006, -14
1320203, -15
1322636, -16
1318780, -14
1325641, -14
1315500, -14
1332121, -14
1327946, -15
1326835, -14
1321634, -14
1327540, -14
1320654, -14
1099231, -14
1322731, -14
1305146, -13
1302071, -14
1320653, -11
1144510, -15
1329013, -15
1308654, -15
1287215, -14
1331105, -15
1329211, -14
1295947, -15
1328933, -14
1321918, -15
1327057, -14
1324828, -16
1162342, -14
1320038, -15
1322864, -15
1312536, -15
1331010, -14
1324959, -14
1129672, -17
1323852, -17
1302242, -15
1305454, -14
1280391, -15
1333944, -15
1316633, -16
1232172, -16
1330284, -14
1305986, -15
1307720, -14
1329816, -15
1328072, -14
1328024, -14
1320513, -14
1249365, -15
1308828, -14
1322876, -15
1322875, -15
1328992, -16
1331254, -15
1303976, -15
1325040, -15
1324685, -14
1273519, -15
1326860, -14
1149907, -18
1201701, -16
1329019, -14
1324904, -15
1262315, -14
1328526, -15
1312698, -14
1277526, -15
1311543, -14
1314316, -12
1162159, -16
1327537, -14
1252762, -14
1327828, -14
1096689, -16
1305999, -14
1289928, -15
1211496, -14
1294258, -15
1320162, -15
1326163, -15
1332165, -14
1236326, -15
1332204, -15
1097782, -14
1329937, -14
1327914, -15
1325080, -15
1327491, -15
1138076, -14
1322980, -15
1305969, -15
1327917, -14
1332015, -14
1328103, -14
1328623, -14
1321506, -14
1326536, -14
1323677, -15
1263871, -15
1173277, -15
1321703, -14
1327484, -16
1269917, -14
1327080, -15
1326563, -14
1312052, -16
1327481, -14
1321447, -15
1223363, -14
1320330, -14
1319262, -14
1177022, -14
1327676, -17
1327314, -14
1328160, -15
1322426, -14
1267993, -14
1221444, -14
1123568, -15
1324683, -15
1270138, -14
1330625, -16
1323900, -15
1328637, -16
1324797, -14
1101597, -14
1329371, -15
1329413, -13
1322399, -14
1305459, -14
1323131, -14
1328597, -15
1259224, -14
1317000, -15
1330531, -13
1308049, -14
1332716, -15
1312742, -15
1329420, -15
1304147, -15
1323769, -14
1329241, -17
1272328, -15
1320564, -15
1320809, -13
1325694, -17
1287352, -15
1293105, -14
1329758, -15
1322372, -15
1325973, -15
1331954, -15
1323402, -14
1324184, -15
1323555, -15
1329149, -14
1319892, -15
1322209, -14
1216717, -14
1205602, -12
1303844, -14
1326930, -14
1323308, -16
1324131, -15
1285979, -14
1324309, -13
1309203, -15
1184553, -14
1264223, -13
1327476, -15
1320565, -15
1325650, -15
1302258, -15
1323045, -15
1100502, -14
1114439, -14
1118507, -14
1301590, -15
1094027, -15
1328406, -14
1311956, -15
1328323, -14
1315513, -14
1323805, -14
1101099, -15
1329788, -15
1329980, -15
1309089, -14
1301705, -15
1323554, -16
1266626, -15
1321341, -15
1328773, -14
1329807, -15
1210424, -15
1330998, -12
1315196, -15
1325694, -16
1329456, -14
1319478, -16
1325329, -15
1305470, -13
1332098, -15
1327338, -14
1330047, -15
1323444, -14
1326051, -15
1328407, -13
1325835, -15
1255219, -15
1334446, -15
1322423, -14
1317091, -14
1325803, -15
1327197, -15
1290054, -15
1329064, -15
1252846, -16
1245891, -14
1328886, -14
1331718, -14
1234937, -14
1247549, -15
1258643, -14
1330869, -11
1125461, -16
1326129, -18
1288603, -15
1309372, -14
1283094, -15
1318925, -15
1328041, -16
1320929, -15
1319026, -16
1301485, -12
1308226, -14
1135429, -15
1281926, -14
1325306, -16
1294516, -14
1332081, -15
1321500, -14
1326336, -16
1312117, -15
1323220, -18
1295380, -13
1330850, -15
1323127, -15
1097306, -14
1326841, -16
1330798, -19
1312804, -15
1320348, -13
1289084, -15
1329796, -15
1104851, -15
1331563, -19
1309911, -16
1326678, -14
1227790, -18
1247336, -14
1325181, -14
1316729, -15
1305407, -14
1317348, -13
1238583, -14
1328070, -15
1227280, -14
1331847, -14
1325414, -15
1324473, -14
1128323, -19
1326029, -14
1327461, -15
1313225, -15
1314641, -14
1117648, -18
1326817, -14
1116797, -15
1322382, -15
1329274, -15
1147907, -14
1225014, -14
1258459, -14
1122586, -15
1325985, -14
1245143, -15
1313707, -14
1327411, -14
1315256, -15
1323742, -15
1326781, -15
1326249, -15
1329782, -15
1321564, -14
1233523, -15
1314441, -14
1292251, -15
1331990, -15
1144377, -19
1241701, -15
1228726, -15
1300241, -15
1115996, -14
1318440, -15
1276472, -15
1318443, -16
1325723, -15
1256392, -14
1114077, -14
1304965, -15
1331685, -14
1323101, -15
1319312, -15
1278245, -16
1301395, -16
1207745, -16
1220810, -15
1322879, -15
1328057, -15
1302557, -15
1327926, -15
1329083, -16
1144496, -15
1227567, -14
1321542, -30
